"RMA - Return Management","RMA - Gestion des Retours"
"General","Général"
"Enable RMA","Activer RMA"
"Enable or disable the RMA functionality.","Activer ou désactiver la fonctionnalité RMA."
"Increment ID Prefix","Préfixe ID Incrémental"
"Prefix for the RMA increment ID (e.g. RMA-).","Préfixe pour l'ID incrémental RMA (ex. RMA-)."
"Return Period (Days)","Période de Retour (Jours)"
"Number of days after order completion within which a return can be requested.","Nombre de jours après la finalisation de la commande pendant lesquels un retour peut être demandé."
"Policy","Politique"
"Auto-Approve Returns","Approbation Automatique des Retours"
"If enabled, new RMA requests will be automatically approved.","Si activé, les nouvelles demandes RMA seront automatiquement approuvées."
"Allowed Order Statuses","Statuts de Commande Autorisés"
"Only orders with these statuses can have a return request.","Seules les commandes avec ces statuts peuvent faire l'objet d'une demande de retour."
"Email Notifications","Notifications Email"
"Email Sender","Expéditeur Email"
"New RMA Email Template (Customer)","Modèle Email Nouveau RMA (Client)"
"Email sent to the customer when a new RMA is created.","Email envoyé au client lors de la création d'un nouveau RMA."
"Status Change Email Template (Customer)","Modèle Email Changement de Statut (Client)"
"Email sent to the customer when the RMA status changes.","Email envoyé au client lorsque le statut du RMA change."
"New RMA Email Template (Admin)","Modèle Email Nouveau RMA (Admin)"
"Email sent to the admin when a new RMA is created.","Email envoyé à l'admin lors de la création d'un nouveau RMA."
"Admin Notification Email","Email de Notification Admin"
"Email address to receive admin RMA notifications.","Adresse email pour recevoir les notifications admin des retours."
"New RMA Request (Customer)","Nouvelle Demande RMA (Client)"
"RMA Status Change (Customer)","Changement de Statut RMA (Client)"
"New RMA Request (Admin)","Nouvelle Demande RMA (Admin)"
"Your RMA Request #%increment_id from %store_name","Votre demande de retour #%increment_id de %store_name"
"Update to your RMA Request #%increment_id from %store_name","Mise à jour de votre demande de retour #%increment_id de %store_name"
"New RMA Request #%increment_id","Nouvelle demande de retour #%increment_id"
"We have received your return request <strong>#%increment_id</strong> for order <strong>#%order_increment_id</strong>.","Nous avons reçu votre demande de retour <strong>#%increment_id</strong> pour la commande <strong>#%order_increment_id</strong>."
"We will review your request and get back to you as soon as possible.","Nous examinerons votre demande et vous répondrons dans les meilleurs délais."
"RMA Details","Détails RMA"
"RMA Number:","Numéro RMA :"
"Order Number:","Numéro de Commande :"
"Reason:","Motif :"
"Resolution:","Résolution :"
"You can check the status of your return request by <a href=""%account_url"">logging into your account</a>.","Vous pouvez suivre le statut de votre demande de retour en <a href=""%account_url"">vous connectant à votre compte</a>."
"If you have questions, you can email us at <a href=""mailto:%store_email"">%store_email</a>","Si vous avez des questions, vous pouvez nous écrire à <a href=""mailto:%store_email"">%store_email</a>"
"or call us at <a href=""tel:%store_phone"">%store_phone</a>","ou nous appeler au <a href=""tel:%store_phone"">%store_phone</a>"
"Our hours are <span class=""no-link"">%store_hours</span>.","Nos horaires sont <span class=""no-link"">%store_hours</span>."
"Your return request <strong>#%increment_id</strong> for order <strong>#%order_increment_id</strong> has been updated with a status of <strong>%status</strong>.","Votre demande de retour <strong>#%increment_id</strong> pour la commande <strong>#%order_increment_id</strong> a été mise à jour avec le statut <strong>%status</strong>."
"A new return request <strong>#%increment_id</strong> has been submitted.","Une nouvelle demande de retour <strong>#%increment_id</strong> a été soumise."
"Customer:","Client :"
"Store:","Boutique :"
"Store View Specific Labels","Libellés Spécifiques par Vue Magasin"
"My Returns","Mes Retours"
"Request Return","Demander un Retour"
"You have no return requests.","Vous n'avez aucune demande de retour."
"Return Information","Informations de Retour"
"Return Details","Détails du Retour"
"RMA #","RMA #"
"Order #","Commande #"
"Status","Statut"
"Created At","Créé le"
"Updated At","Mis à jour le"
"Action","Action"
"View","Voir"
"Back","Retour"
"Back to My Returns","Retour à Mes Retours"
"Order Information","Informations de Commande"
"Order","Commande"
"Items to Return","Articles à Retourner"
"Select","Sélectionner"
"Product","Produit"
"SKU","SKU"
"Quantity","Quantité"
"Condition","État"
"Reason","Motif"
"Preferred Resolution","Résolution Souhaitée"
"-- Select an order --","-- Sélectionner une commande --"
"-- Select a reason --","-- Sélectionner un motif --"
"-- Select a resolution --","-- Sélectionner une résolution --"
"-- Select --","-- Sélectionner --"
"Select an order to see available items.","Sélectionnez une commande pour voir les articles disponibles."
"Loading items...","Chargement des articles..."
"No items available for return in this order.","Aucun article disponible pour le retour dans cette commande."
"An error occurred while loading order items.","Une erreur est survenue lors du chargement des articles de la commande."
"Submit Return Request","Soumettre la Demande de Retour"
"Please select an order.","Veuillez sélectionner une commande."
"Please select at least one item to return.","Veuillez sélectionner au moins un article à retourner."
"The selected order does not exist.","La commande sélectionnée n'existe pas."
"You are not authorized to create a return for this order.","Vous n'êtes pas autorisé à créer un retour pour cette commande."
"This order is not eligible for a return.","Cette commande n'est pas éligible à un retour."
"Could not determine the initial RMA status.","Impossible de déterminer le statut initial du RMA."
"Your return request has been submitted successfully.","Votre demande de retour a été soumise avec succès."
"Your return request #%1 has been submitted successfully.","Votre demande de retour #%1 a été soumise avec succès."
"Something went wrong while submitting your return request.","Une erreur est survenue lors de la soumission de votre demande de retour."
"This return request no longer exists.","Cette demande de retour n'existe plus."
"You are not authorized to view this return request.","Vous n'êtes pas autorisé à voir cette demande de retour."
"Invalid guest order session.","Session de commande invité invalide."
"No order ID provided.","Aucun ID de commande fourni."
"You are not authorized to access this order.","Vous n'êtes pas autorisé à accéder à cette commande."
"Unknown Product","Produit Inconnu"
"N/A","N/D"
"max","max"
"Guest","Invité"
"Comments","Commentaires"
"No comments yet.","Aucun commentaire pour le moment."
"No comments yet. Start the conversation!","Aucun commentaire pour le moment. Commencez la conversation !"
"Type your comment...","Écrivez votre commentaire..."
"Type your message...","Écrivez votre message..."
"Visible to Customer","Visible par le Client"
"Add Comment","Ajouter un Commentaire"
"Send","Envoyer"
"Internal Note","Note Interne"
"Support","Support"
"Invalid request.","Requête invalide."
"RMA not found.","RMA non trouvé."
"Not authorized.","Non autorisé."
"Could not save comment.","Impossible d'enregistrer le commentaire."
"Attachments","Pièces jointes"
"Allowed File Extensions","Extensions de Fichier Autorisées"
"Comma-separated list of allowed file extensions (e.g. jpg,png,pdf,mp4).","Liste d'extensions de fichier autorisées séparées par des virgules (ex. jpg,png,pdf,mp4)."
"Maximum File Size (MB)","Taille Maximale du Fichier (Mo)"
"Maximum allowed file size in megabytes per single file.","Taille maximale autorisée en mégaoctets par fichier."
"Maximum Files Per Upload","Nombre Maximum de Fichiers par Envoi"
"Maximum number of files allowed per RMA creation or comment.","Nombre maximum de fichiers autorisés par création de RMA ou commentaire."
"File not found.","Fichier non trouvé."
"Attachment not found.","Pièce jointe non trouvée."
"Could not download the file.","Impossible de télécharger le fichier."
"File cannot be saved to the temporary folder.","Le fichier ne peut pas être enregistré dans le dossier temporaire."
"File exceeds the maximum allowed size of %1 MB.","Le fichier dépasse la taille maximale autorisée de %1 Mo."
"Drag & drop files here or click to browse","Glissez-déposez les fichiers ici ou cliquez pour parcourir"
"Drag & drop files or click to attach","Glissez-déposez les fichiers ou cliquez pour joindre"
"No attachments yet.","Aucune pièce jointe pour le moment."
"File type not allowed.","Type de fichier non autorisé."
"File exceeds the maximum allowed size.","Le fichier dépasse la taille maximale autorisée."
"Upload failed.","Échec de l'envoi."
"Delete this attachment?","Supprimer cette pièce jointe ?"
"File type not allowed: %1","Type de fichier non autorisé : %1"
"File ""%1"" exceeds the maximum allowed size.","Le fichier ""%1"" dépasse la taille maximale autorisée."
"Maximum number of files reached (%1).","Nombre maximum de fichiers atteint (%1)."
"Uploading %1...","Envoi de %1..."
"Remove","Supprimer"
"Invalid attachment path.","Chemin de pièce jointe invalide."
"Could not delete attachment.","Impossible de supprimer la pièce jointe."
"This %1 no longer exists.","L'élément %1 n'existe plus."
"You saved the %1.","Sauvegarde de %1 effectuée."
"Something went wrong while saving the %1.","Une erreur est survenue lors de la sauvegarde de %1."
"We can't find the %1 to delete.","Impossible de trouver l'élément %1 à supprimer."
"You deleted the %1.","Élément %1 supprimé."
"Please correct the data sent.","Veuillez corriger les données envoyées."
"A total of %1 record(s) have been deleted.","%1 enregistrement(s) supprimé(s)."
"%1 status(es) are used by the system and cannot be deleted.","%1 statut(s) sont utilisés par le système et ne peuvent pas être supprimés."
"Unknown","Inconnu"
"Admin","Admin"
"Are you sure you want to delete this RMA request?","Êtes-vous sûr de vouloir supprimer cette demande RMA ?"
"Are you sure you want to delete this status?","Êtes-vous sûr de vouloir supprimer ce statut ?"
"Comment text is required.","Le texte du commentaire est obligatoire."
"Customer","Client"
"Customer & Order","Client et Commande"
"Delete","Supprimer"
"Delete status","Supprimer le statut"
"Edit","Modifier"
"Email","Email"
"Item does not belong to this RMA.","L'article n'appartient pas à ce RMA."
"Manage RMA Requests","Gérer les Demandes RMA"
"New RMA Request","Nouvelle Demande RMA"
"Order email does not match.","L'email de la commande ne correspond pas."
"Order Items","Articles de la Commande"
"Order not found.","Commande non trouvée."
"Order number, email and RMA ID are required.","Numéro de commande, email et ID RMA sont requis."
"Product Name","Nom du Produit"
"Purchased From","Acheté Depuis"
"Qty Requested","Qté Demandée"
"Requested Items","Articles Demandés"
"RMA","RMA"
"RMA ID is required.","L'ID RMA est requis."
"RMA Information","Informations RMA"
"RMA Item Conditions","Conditions d'Article RMA"
"RMA Reasons","Motifs RMA"
"RMA Resolution Types","Types de Résolution RMA"
"RMA Statuses","Statuts RMA"
"Save","Enregistrer"
"Something went wrong while saving the RMA request.","Une erreur est survenue lors de la sauvegarde de la demande RMA."
"This RMA request no longer exists.","Cette demande RMA n'existe plus."
"You are not authorized to comment on this return.","Vous n'êtes pas autorisé à commenter ce retour."
"You are not authorized to view this return.","Vous n'êtes pas autorisé à voir ce retour."
"You deleted the RMA request.","La demande RMA a été supprimée."
"You saved the RMA request.","La demande RMA a été enregistrée."
"Active","Actif"
"Add New Item Condition","Ajouter un Nouvel État d'Article"
"Add New Reason","Ajouter un Nouveau Motif"
"Add New Resolution Type","Ajouter un Nouveau Type de Résolution"
"Add New RMA Request","Ajouter une Nouvelle Demande RMA"
"Add New Status","Ajouter un Nouveau Statut"
"Are you sure you want to delete selected items?","Êtes-vous sûr de vouloir supprimer les éléments sélectionnés ?"
"Are you sure you want to delete selected items? System statuses will be skipped.","Êtes-vous sûr de vouloir supprimer les éléments sélectionnés ? Les statuts système seront ignorés."
"Are you sure you want to delete selected RMA requests?","Êtes-vous sûr de vouloir supprimer les demandes RMA sélectionnées ?"
"Code","Code"
"Customer Email","Email Client"
"Customer Name","Nom du Client"
"Delete items","Supprimer les éléments"
"ID","ID"
"Item Condition Information","Informations sur l'État de l'Article"
"Label","Libellé"
"Order ID","ID Commande"
"Processing","En cours"
"Reason Information","Informations sur le Motif"
"Resolution","Résolution"
"Resolution Type","Type de Résolution"
"Resolution Type Information","Informations sur le Type de Résolution"
"RMA Request","Demande RMA"
"Search by order number...","Rechercher par numéro de commande..."
"Sort Order","Ordre de Tri"
"Start typing an order number to search","Commencez à taper un numéro de commande pour rechercher"
"Status Information","Informations sur le Statut"
"Unique identifier. Cannot be changed after creation.","Identifiant unique. Ne peut pas être modifié après la création."
"Item ID %1 is not eligible for return on order #%2.","L'article ID %1 n'est pas éligible au retour pour la commande #%2."
"Requested qty for item %1 exceeds available qty (%2).","La qté demandée pour l'article %1 dépasse la qté disponible (%2)."
"New Request","Nouvelle demande"
"Need Details","Détails requis"
"Approved","Approuvée"
"Rejected","Refusée"
"Shipped by Customer","Expédiée par le client"
"Received by Admin","Reçue par l'administrateur"
"Canceled by Customer","Annulée par le client"
"Resolved","Résolue"
"Wrong Product Delivered","Mauvais produit livré"
"Wrong Product Ordered","Mauvais produit commandé"
"Wrong Product Description","Description du produit erronée"
"Defective/Does not Work Properly","Défectueux/Ne fonctionne pas correctement"
"Damaged During Shipping","Endommagé pendant l'expédition"
"Late Delivery of Items","Livraison tardive des articles"
"No Longer Needed/Wanted","Plus nécessaire/souhaité"
"Product Did Not Meet My Expectations","Le produit n'a pas répondu à mes attentes"
"Return","Retour"
"Exchange","Échange"
"Repair","Réparation"
"Damaged","Endommagé"
"Opened","Ouvert"
"Unopened","Non ouvert"
"Withdrawal from Contract","Rétractation du contrat"
"Refund","Remboursement"
"Refunded","Remboursé"
"Withdrawal","Rétractation"
"Withdrawal Declared At","Rétractation déclarée le"
"Helpdesk Ticket","Ticket d'assistance"
"Return Tracking","Suivi du retour"
"Right of Withdrawal (EU)","Droit de rétractation (UE)"
"RMAs opened from a consumer withdrawal declaration. These ignore the Return Period and Allowed Order Statuses above.","RMA ouvertes à partir d'une déclaration de rétractation d'un consommateur. Elles ignorent le délai de retour et les statuts de commande autorisés ci-dessus."
"Create RMAs from Withdrawals","Créer des RMA à partir des rétractations"
"When a withdrawal is declared, create an RMA for shipped items and cancel orders that have not shipped yet. Needs Enable RMA as well. When off, declarations are only recorded in the helpdesk.","Lors d'une rétractation, crée une RMA pour les articles expédiés et annule les commandes non encore expédiées. Nécessite aussi « Activer les RMA ». Si désactivé, les déclarations sont seulement enregistrées dans le support."
"Withdrawal Period (Days)","Délai de rétractation (jours)"
"Counted from the last shipment of the order. A later declaration is still accepted, but its RMA is flagged for staff review.","Compté à partir de la dernière expédition de la commande. Une déclaration plus tardive est tout de même acceptée, mais sa RMA est signalée pour vérification."
"Delivery Transit (Days)","Délai d'acheminement (jours)"
"Added to the shipment date to approximate when the customer received the goods, since Magento records dispatch, not delivery.","Ajouté à la date d'expédition pour estimer la réception des marchandises, car Magento enregistre l'expédition et non la livraison."
"Auto-Approve Withdrawal RMAs","Approuver automatiquement les RMA de rétractation"
"Withdrawal RMAs start as Approved (Yes) or New Request (No). A withdrawal is a legal right, so approval only confirms the return logistics. Late declarations always start as New Request.","Les RMA de rétractation démarrent en Approuvée (Oui) ou Nouvelle demande (Non). La rétractation est un droit légal ; l'approbation confirme seulement la logistique du retour. Les déclarations tardives démarrent toujours en Nouvelle demande."
"A withdrawal needs the helpdesk ticket that records it.","Une rétractation nécessite le ticket d'assistance qui l'enregistre."
"RMA lookup ""%1"" does not exist.","La valeur RMA « %1 » n'existe pas."
"Withdrawal needs review: %1.","Rétractation à vérifier : %1."
"Not shipped yet: order item %1 x %2.","Pas encore expédié : article de commande %1 x %2."
"An RMA opened from a withdrawal cannot be turned into an ordinary return.","Une RMA ouverte à partir d'une rétractation ne peut pas devenir un retour ordinaire."
"A withdrawal cannot be rejected. Close it as Resolved after review instead.","Une rétractation ne peut pas être refusée. Clôturez-la plutôt comme Résolue après vérification."
"A withdrawal can only be canceled by the customer before the goods are sent back.","Le client ne peut annuler une rétractation qu'avant le renvoi des marchandises."
"Withdrawal declarations are not available.","Les déclarations de rétractation ne sont pas disponibles."
"Order item %1","Article de commande %1"
"We could not find an order matching that order number and email address.","Nous n'avons trouvé aucune commande correspondant à ce numéro de commande et à cette adresse e-mail."
"Please enter your name.","Veuillez saisir votre nom."
"The message can be at most %1 characters long.","Le message peut contenir au maximum %1 caractères."
"Too many items.","Trop d'articles."
"Each item needs an order item ID and a quantity above zero.","Chaque article nécessite un ID d'article de commande et une quantité supérieure à zéro."
