"RMA - Return Management","RMA - Gestione Resi"
"General","Generale"
"Enable RMA","Abilita RMA"
"Enable or disable the RMA functionality.","Abilita o disabilita la funzionalità RMA."
"Increment ID Prefix","Prefisso ID Incrementale"
"Prefix for the RMA increment ID (e.g. RMA-).","Prefisso per l'ID incrementale RMA (es. RMA-)."
"Return Period (Days)","Periodo di Reso (Giorni)"
"Number of days after order completion within which a return can be requested.","Numero di giorni dopo il completamento dell'ordine entro cui è possibile richiedere un reso."
"Policy","Politica"
"Auto-Approve Returns","Approvazione Automatica Resi"
"If enabled, new RMA requests will be automatically approved.","Se abilitato, le nuove richieste RMA verranno approvate automaticamente."
"Allowed Order Statuses","Stati Ordine Consentiti"
"Only orders with these statuses can have a return request.","Solo gli ordini con questi stati possono avere una richiesta di reso."
"Email Notifications","Notifiche Email"
"Email Sender","Mittente Email"
"New RMA Email Template (Customer)","Template Email Nuovo RMA (Cliente)"
"Email sent to the customer when a new RMA is created.","Email inviata al cliente quando viene creato un nuovo RMA."
"Status Change Email Template (Customer)","Template Email Cambio Stato (Cliente)"
"Email sent to the customer when the RMA status changes.","Email inviata al cliente quando lo stato dell'RMA cambia."
"New RMA Email Template (Admin)","Template Email Nuovo RMA (Admin)"
"Email sent to the admin when a new RMA is created.","Email inviata all'admin quando viene creato un nuovo RMA."
"Admin Notification Email","Email Notifica Admin"
"Email address to receive admin RMA notifications.","Indirizzo email per ricevere le notifiche admin sui resi."
"New RMA Request (Customer)","Nuova Richiesta RMA (Cliente)"
"RMA Status Change (Customer)","Cambio Stato RMA (Cliente)"
"New RMA Request (Admin)","Nuova Richiesta RMA (Admin)"
"Your RMA Request #%increment_id from %store_name","La tua richiesta di reso #%increment_id da %store_name"
"Update to your RMA Request #%increment_id from %store_name","Aggiornamento della tua richiesta di reso #%increment_id da %store_name"
"New RMA Request #%increment_id","Nuova richiesta di reso #%increment_id"
"We have received your return request <strong>#%increment_id</strong> for order <strong>#%order_increment_id</strong>.","Abbiamo ricevuto la tua richiesta di reso <strong>#%increment_id</strong> per l'ordine <strong>#%order_increment_id</strong>."
"We will review your request and get back to you as soon as possible.","Esamineremo la tua richiesta e ti risponderemo il prima possibile."
"RMA Details","Dettagli RMA"
"RMA Number:","Numero RMA:"
"Order Number:","Numero Ordine:"
"Reason:","Motivo:"
"Resolution:","Risoluzione:"
"You can check the status of your return request by <a href=""%account_url"">logging into your account</a>.","Puoi controllare lo stato della tua richiesta di reso <a href=""%account_url"">accedendo al tuo account</a>."
"If you have questions, you can email us at <a href=""mailto:%store_email"">%store_email</a>","Se hai domande, puoi scriverci a <a href=""mailto:%store_email"">%store_email</a>"
"or call us at <a href=""tel:%store_phone"">%store_phone</a>","o chiamarci al <a href=""tel:%store_phone"">%store_phone</a>"
"Our hours are <span class=""no-link"">%store_hours</span>.","I nostri orari sono <span class=""no-link"">%store_hours</span>."
"Your return request <strong>#%increment_id</strong> for order <strong>#%order_increment_id</strong> has been updated with a status of <strong>%status</strong>.","La tua richiesta di reso <strong>#%increment_id</strong> per l'ordine <strong>#%order_increment_id</strong> è stata aggiornata con lo stato <strong>%status</strong>."
"A new return request <strong>#%increment_id</strong> has been submitted.","Una nuova richiesta di reso <strong>#%increment_id</strong> è stata inviata."
"Customer:","Cliente:"
"Store:","Negozio:"
"Store View Specific Labels","Etichette Specifiche per Store View"
"My Returns","I Miei Resi"
"Request Return","Richiedi Reso"
"You have no return requests.","Non hai richieste di reso."
"Return Information","Informazioni Reso"
"Return Details","Dettagli Reso"
"RMA #","RMA #"
"Order #","Ordine #"
"Status","Stato"
"Created At","Creato Il"
"Updated At","Aggiornato Il"
"Action","Azione"
"View","Visualizza"
"Back","Indietro"
"Back to My Returns","Torna ai Miei Resi"
"Order Information","Informazioni Ordine"
"Order","Ordine"
"Items to Return","Articoli da Restituire"
"Select","Seleziona"
"Product","Prodotto"
"SKU","SKU"
"Quantity","Quantità"
"Condition","Condizione"
"Reason","Motivo"
"Preferred Resolution","Risoluzione Preferita"
"-- Select an order --","-- Seleziona un ordine --"
"-- Select a reason --","-- Seleziona un motivo --"
"-- Select a resolution --","-- Seleziona una risoluzione --"
"-- Select --","-- Seleziona --"
"Select an order to see available items.","Seleziona un ordine per vedere gli articoli disponibili."
"Loading items...","Caricamento articoli..."
"No items available for return in this order.","Nessun articolo disponibile per il reso in questo ordine."
"An error occurred while loading order items.","Si è verificato un errore durante il caricamento degli articoli dell'ordine."
"Submit Return Request","Invia Richiesta di Reso"
"Please select an order.","Seleziona un ordine."
"Please select at least one item to return.","Seleziona almeno un articolo da restituire."
"The selected order does not exist.","L'ordine selezionato non esiste."
"You are not authorized to create a return for this order.","Non sei autorizzato a creare un reso per questo ordine."
"This order is not eligible for a return.","Questo ordine non è idoneo per un reso."
"Could not determine the initial RMA status.","Impossibile determinare lo stato iniziale del RMA."
"Your return request has been submitted successfully.","La tua richiesta di reso è stata inviata con successo."
"Your return request #%1 has been submitted successfully.","La tua richiesta di reso #%1 è stata inviata con successo."
"Something went wrong while submitting your return request.","Si è verificato un errore durante l'invio della tua richiesta di reso."
"This return request no longer exists.","Questa richiesta di reso non esiste più."
"You are not authorized to view this return request.","Non sei autorizzato a visualizzare questa richiesta di reso."
"Invalid guest order session.","Sessione ordine ospite non valida."
"No order ID provided.","Nessun ID ordine fornito."
"You are not authorized to access this order.","Non sei autorizzato ad accedere a questo ordine."
"Unknown Product","Prodotto Sconosciuto"
"N/A","N/D"
"max","max"
"Guest","Ospite"
"Comments","Commenti"
"No comments yet.","Nessun commento ancora."
"No comments yet. Start the conversation!","Nessun commento ancora. Inizia la conversazione!"
"Type your comment...","Scrivi il tuo commento..."
"Type your message...","Scrivi il tuo messaggio..."
"Visible to Customer","Visibile al Cliente"
"Add Comment","Aggiungi Commento"
"Send","Invia"
"Internal Note","Nota Interna"
"Support","Supporto"
"Invalid request.","Richiesta non valida."
"RMA not found.","RMA non trovato."
"Not authorized.","Non autorizzato."
"Could not save comment.","Impossibile salvare il commento."
"Attachments","Allegati"
"Allowed File Extensions","Estensioni File Consentite"
"Comma-separated list of allowed file extensions (e.g. jpg,png,pdf,mp4).","Lista separata da virgole delle estensioni file consentite (es. jpg,png,pdf,mp4)."
"Maximum File Size (MB)","Dimensione Massima File (MB)"
"Maximum allowed file size in megabytes per single file.","Dimensione massima consentita in megabyte per singolo file."
"Maximum Files Per Upload","Numero Massimo File per Caricamento"
"Maximum number of files allowed per RMA creation or comment.","Numero massimo di file consentiti per creazione RMA o commento."
"File not found.","File non trovato."
"Attachment not found.","Allegato non trovato."
"Could not download the file.","Impossibile scaricare il file."
"File cannot be saved to the temporary folder.","Il file non può essere salvato nella cartella temporanea."
"File exceeds the maximum allowed size of %1 MB.","Il file supera la dimensione massima consentita di %1 MB."
"Drag & drop files here or click to browse","Trascina i file qui o clicca per sfogliare"
"Drag & drop files or click to attach","Trascina i file o clicca per allegare"
"No attachments yet.","Nessun allegato ancora."
"File type not allowed.","Tipo di file non consentito."
"File exceeds the maximum allowed size.","Il file supera la dimensione massima consentita."
"Upload failed.","Caricamento fallito."
"Delete this attachment?","Eliminare questo allegato?"
"File type not allowed: %1","Tipo di file non consentito: %1"
"File ""%1"" exceeds the maximum allowed size.","Il file ""%1"" supera la dimensione massima consentita."
"Maximum number of files reached (%1).","Numero massimo di file raggiunto (%1)."
"Uploading %1...","Caricamento di %1..."
"Remove","Rimuovi"
"Invalid attachment path.","Percorso allegato non valido."
"Could not delete attachment.","Impossibile eliminare l'allegato."
"This %1 no longer exists.","L'elemento %1 non esiste più."
"You saved the %1.","Salvataggio %1 completato."
"Something went wrong while saving the %1.","Si è verificato un errore durante il salvataggio di %1."
"We can't find the %1 to delete.","Impossibile trovare l'elemento %1 da eliminare."
"You deleted the %1.","Elemento %1 eliminato."
"Please correct the data sent.","Correggere i dati inviati."
"A total of %1 record(s) have been deleted.","%1 record eliminati."
"%1 status(es) are used by the system and cannot be deleted.","%1 stati sono utilizzati dal sistema e non possono essere eliminati."
"Unknown","Sconosciuto"
"Admin","Admin"
"Are you sure you want to delete this RMA request?","Sei sicuro di voler eliminare questa richiesta RMA?"
"Are you sure you want to delete this status?","Sei sicuro di voler eliminare questo stato?"
"Comment text is required.","Il testo del commento è obbligatorio."
"Customer","Cliente"
"Customer & Order","Cliente e Ordine"
"Delete","Elimina"
"Delete status","Elimina stato"
"Edit","Modifica"
"Email","Email"
"Item does not belong to this RMA.","L'articolo non appartiene a questo RMA."
"Manage RMA Requests","Gestisci Richieste RMA"
"New RMA Request","Nuova Richiesta RMA"
"Order email does not match.","L'email dell'ordine non corrisponde."
"Order Items","Articoli Ordine"
"Order not found.","Ordine non trovato."
"Order number, email and RMA ID are required.","Numero ordine, email e ID RMA sono obbligatori."
"Product Name","Nome Prodotto"
"Purchased From","Acquistato Da"
"Qty Requested","Qtà Richiesta"
"Requested Items","Articoli Richiesti"
"RMA","RMA"
"RMA ID is required.","L'ID RMA è obbligatorio."
"RMA Information","Informazioni RMA"
"RMA Item Conditions","Condizioni Articolo RMA"
"RMA Reasons","Motivi RMA"
"RMA Resolution Types","Tipi di Risoluzione RMA"
"RMA Statuses","Stati RMA"
"Save","Salva"
"Something went wrong while saving the RMA request.","Si è verificato un errore durante il salvataggio della richiesta RMA."
"This RMA request no longer exists.","Questa richiesta RMA non esiste più."
"You are not authorized to comment on this return.","Non sei autorizzato a commentare questo reso."
"You are not authorized to view this return.","Non sei autorizzato a visualizzare questo reso."
"You deleted the RMA request.","La richiesta RMA è stata eliminata."
"You saved the RMA request.","La richiesta RMA è stata salvata."
"Active","Attivo"
"Add New Item Condition","Aggiungi Nuova Condizione Articolo"
"Add New Reason","Aggiungi Nuovo Motivo"
"Add New Resolution Type","Aggiungi Nuovo Tipo di Risoluzione"
"Add New RMA Request","Aggiungi Nuova Richiesta RMA"
"Add New Status","Aggiungi Nuovo Stato"
"Are you sure you want to delete selected items?","Sei sicuro di voler eliminare gli elementi selezionati?"
"Are you sure you want to delete selected items? System statuses will be skipped.","Sei sicuro di voler eliminare gli elementi selezionati? Gli stati di sistema verranno saltati."
"Are you sure you want to delete selected RMA requests?","Sei sicuro di voler eliminare le richieste RMA selezionate?"
"Code","Codice"
"Customer Email","Email Cliente"
"Customer Name","Nome Cliente"
"Delete items","Elimina elementi"
"ID","ID"
"Item Condition Information","Informazioni Condizione Articolo"
"Label","Etichetta"
"Order ID","ID Ordine"
"Processing","In Elaborazione"
"Reason Information","Informazioni Motivo"
"Resolution","Risoluzione"
"Resolution Type","Tipo di Risoluzione"
"Resolution Type Information","Informazioni Tipo di Risoluzione"
"RMA Request","Richiesta RMA"
"Search by order number...","Cerca per numero ordine..."
"Sort Order","Ordinamento"
"Start typing an order number to search","Inizia a digitare un numero ordine per cercare"
"Status Information","Informazioni Stato"
"Unique identifier. Cannot be changed after creation.","Identificativo univoco. Non modificabile dopo la creazione."
"Item ID %1 is not eligible for return on order #%2.","L'articolo ID %1 non è idoneo al reso per l'ordine #%2."
"Requested qty for item %1 exceeds available qty (%2).","La qtà richiesta per l'articolo %1 supera la qtà disponibile (%2)."
"New Request","Nuova richiesta"
"Need Details","Servono dettagli"
"Approved","Approvata"
"Rejected","Rifiutata"
"Shipped by Customer","Spedita dal cliente"
"Received by Admin","Ricevuta"
"Canceled by Customer","Annullata dal cliente"
"Resolved","Risolta"
"Wrong Product Delivered","Prodotto errato consegnato"
"Wrong Product Ordered","Prodotto errato ordinato"
"Wrong Product Description","Descrizione del prodotto errata"
"Defective/Does not Work Properly","Difettoso/Non funziona correttamente"
"Damaged During Shipping","Danneggiato durante la spedizione"
"Late Delivery of Items","Consegna degli articoli in ritardo"
"No Longer Needed/Wanted","Non più necessario/desiderato"
"Product Did Not Meet My Expectations","Il prodotto non ha soddisfatto le mie aspettative"
"Return","Reso"
"Exchange","Sostituzione"
"Repair","Riparazione"
"Damaged","Danneggiato"
"Opened","Aperto"
"Unopened","Non aperto"
"Withdrawal from Contract","Recesso dal contratto"
"Refund","Rimborso"
"Refunded","Rimborsato"
"Withdrawal","Recesso"
"Withdrawal Declared At","Recesso dichiarato il"
"Helpdesk Ticket","Ticket di assistenza"
"Return Tracking","Tracciamento del reso"
"Right of Withdrawal (EU)","Diritto di recesso (UE)"
"RMAs opened from a consumer withdrawal declaration. These ignore the Return Period and Allowed Order Statuses above.","RMA aperti da una dichiarazione di recesso del consumatore. Ignorano il periodo di reso e gli stati ordine consentiti sopra."
"Create RMAs from Withdrawals","Crea RMA dai recessi"
"When a withdrawal is declared, create an RMA for shipped items and cancel orders that have not shipped yet. Needs Enable RMA as well. When off, declarations are only recorded in the helpdesk.","Quando viene dichiarato un recesso, crea un RMA per gli articoli spediti e annulla gli ordini non ancora spediti. Richiede anche «Abilita RMA». Se disattivato, le dichiarazioni vengono solo registrate nell'helpdesk."
"Withdrawal Period (Days)","Periodo di recesso (giorni)"
"Counted from the last shipment of the order. A later declaration is still accepted, but its RMA is flagged for staff review.","Calcolato dall'ultima spedizione dell'ordine. Una dichiarazione successiva viene comunque accettata, ma il suo RMA viene segnalato per la verifica."
"Delivery Transit (Days)","Tempo di consegna (giorni)"
"Added to the shipment date to approximate when the customer received the goods, since Magento records dispatch, not delivery.","Aggiunto alla data di spedizione per stimare quando il cliente ha ricevuto la merce, poiché Magento registra la spedizione, non la consegna."
"Auto-Approve Withdrawal RMAs","Approva automaticamente gli RMA di recesso"
"Withdrawal RMAs start as Approved (Yes) or New Request (No). A withdrawal is a legal right, so approval only confirms the return logistics. Late declarations always start as New Request.","Gli RMA di recesso iniziano come Approvato (Sì) o Nuova richiesta (No). Il recesso è un diritto legale; l'approvazione conferma solo la logistica del reso. Le dichiarazioni tardive iniziano sempre come Nuova richiesta."
"A withdrawal needs the helpdesk ticket that records it.","Un recesso richiede il ticket di assistenza che lo registra."
"RMA lookup ""%1"" does not exist.","Il valore RMA «%1» non esiste."
"Withdrawal needs review: %1.","Recesso da verificare: %1."
"Not shipped yet: order item %1 x %2.","Non ancora spedito: articolo dell'ordine %1 x %2."
"An RMA opened from a withdrawal cannot be turned into an ordinary return.","Un RMA aperto da un recesso non può essere trasformato in un reso ordinario."
"A withdrawal cannot be rejected. Close it as Resolved after review instead.","Un recesso non può essere rifiutato. Chiudilo invece come Risolto dopo la verifica."
"A withdrawal can only be canceled by the customer before the goods are sent back.","Il cliente può annullare un recesso solo prima di rispedire la merce."
"Withdrawal declarations are not available.","Le dichiarazioni di recesso non sono disponibili."
"Order item %1","Articolo dell'ordine %1"
"We could not find an order matching that order number and email address.","Non abbiamo trovato alcun ordine corrispondente a questo numero d'ordine e indirizzo email."
"Please enter your name.","Inserisci il tuo nome."
"The message can be at most %1 characters long.","Il messaggio può contenere al massimo %1 caratteri."
"Too many items.","Troppi articoli."
"Each item needs an order item ID and a quantity above zero.","Ogni articolo richiede un ID articolo dell'ordine e una quantità maggiore di zero."
"Please enter a valid email address.","Inserisci un indirizzo email valido."
"Please enter your order number.","Inserisci il numero d'ordine."
"The text can be at most %1 characters long.","Il testo può contenere al massimo %1 caratteri."
